link,time,tweet
https://x.com/ecoyuri/status/1393782671931633668,2021-05-16T04:17:38+00:00,世代の目に映る東京の現在と未来座談会レポート前編 世代の目に映る東京の現在と未来座談会レポート前編 トーキョー・アップデーツ東京都
https://x.com/ecoyuri/status/1402771008403107840,2021-06-09T23:34:05+00:00,東京とロンドン、遠い親戚といえる理由アンディ・モリス 東京とロンドン、遠い親戚といえる理由アンディ・モリス トーキョー・アップデーツ東京都
https://x.com/ecoyuri/status/1404784675940225024,2021-06-15T12:55:41+00:00,都ので街の混雑状況を発信しています。繁華街の混雑状況をピクトグラムの数と色で示し、1時間ごとにほぼリアルタイムの状況を発信。都内全体の色分けマップも表示。 ・(株)ドコモ・インサイトマーケティング「モバイル空間統計」のデータを加工して東京都で作成
https://x.com/ecoyuri/status/1419162903354036237,2021-07-25T05:09:37+00:00,東京五輪スケートボード男子ストリートで、堀米雄斗選手が金メダルを獲得！堂と華麗な演技を披露し、五輪新種目の初代王者に輝きました。会場の有明がある東京都江東区の出身です。 本当に素晴らしい難技の数、感動しました。おめでとう、そして、ありがとうございます
https://x.com/ecoyuri/status/1422557678593785859,2021-08-03T13:59:15+00:00,東京五輪ボクシング女子フェザー級の入江聖奈選手が金メダル獲得！20歳で、日本女子初の快挙です。体操男子種目別鉄棒の橋本大輝選手も金メダル！個人総合の史上最年少優勝に続いて2冠、団体総合の銀を含め今大会3個目のメダルです。おめでとう、そして、ありがとう。 橋本大輝が冠！伝説が始まった個人総合最年少制覇に続き鉄棒でも体操
https://x.com/ecoyuri/status/1424721311885008897,2021-08-09T13:16:45+00:00,お盆休み、夏休みが本格化します。事業者の皆様方には計画的な長期休暇、テレワーク強化、時差出勤等で社員を守って頂くようお願いします。体調が悪い従業員には休暇を取らせて下さい。お一人お一人が体調に気をつけ、発熱、咳、下痢など普段と異なる症状には、かかりつけ医等に相談をお願いします
https://x.com/ecoyuri/status/1431245704974852096,2021-08-27T13:22:21+00:00,抗体カクテル療法を実施している都立・公社病院で、重症化予防に効果を上げています。医療機関120か所で速やかに投与できる体制を整え、一部の療養施設でも対応出来るよう整備しています。今後は外来診療でも使用可能になりました。専門家や関係機関と連携し酸素ステーションを含め拡大していきます
https://x.com/ecoyuri/status/1431439885865406467,2021-08-28T02:13:58+00:00,東京パラリンピック陸上男子メートル車いすで佐藤友祈選手が金メダル獲得！年前のリオデジャネイロ大会は銀メダル、今回はゴール直前で逆転し、大会新記録で頂点に。日のメートルも期待されています。おめでとう、そして、ありがとう。 佐藤友祈、香取慎吾からパワーの金メダル「言葉も出ないというか感無量」ラストメートル逆転劇 - スポーツ報知
https://x.com/ecoyuri/status/1431440484031815680,2021-08-28T02:16:20+00:00,気象庁は、きょう日、「熱中症警戒アラート」を東京都などに発表しました。厳しい暑さが予想され、熱中症の危険性が極めて高いとしています。こまめな水分補給、エアコンの使用など熱中症予防を宜しくお願い致します
https://x.com/ecoyuri/status/1431609991639691268,2021-08-28T13:29:54+00:00,国の基本的対処方針に業種別ガイドライン見直しが盛り込まれました。業界団体の皆様は業態の特性を踏まえ議論、実行をお願いします。デルタ株はこれまでと違うという認識を共有し、新しいルールを考え、周知徹底が必要です。マスク着用緩和などに踏み切っていた国でも、デルタ株対策を強化しています
https://x.com/ecoyuri/status/1431959304899153930,2021-08-29T12:37:57+00:00,東京パラリンピック競泳男子メートル平泳ぎ知的障害で、山口尚秀選手が世界新で金メダルです！陸上男子メートル車いすは佐藤友祈選手がメートルに続き、今大会個目の金メダルを獲得。おめでとう、そして、ありがとう
https://x.com/ecoyuri/status/1432336222123282434,2021-08-30T13:35:41+00:00,パラリンピックマラソン応援・盛り上げ動画もっと楽しむ!東京 2020 パラリンピック マラソンを公開中。 都内を駆け抜ける パラリンピックマラソンの魅力を紹介、観戦や選手の記録などを書き込むことで大会後も東京 大会の思い出として残せる内容です。自宅で楽しんで観戦・応援をお願いします
https://x.com/ecoyuri/status/1433779357835673604,2021-09-03T13:10:11+00:00,都民の城、築地デポに加えて、味の素スタジアム内にあるオリ・パラ準備局の調布庁舎に複合的な機能を持つ酸素・医療提供ステーションを設置し、酸素吸入や抗体カクテル療法を実施します。9月中旬にも設置予定。特措法に明記されている臨時の医療施設の役割を果たします
https://x.com/ecoyuri/status/1434463898950778880,2021-09-05T10:30:19+00:00,東京パラリンピック女子マラソンで、道下美里選手が金メダル獲得！バドミントンの男子シングルスは19歳の梶原大暉選手が今大会から採用された同種目で初代王者に輝きました。バドミントンの女子ダブルスは山崎悠麻、里見紗李奈組が優勝。おめでとう、そして、ありがとう。 .. マラソン道下美里、はじける笑顔で「金」「最高の仲間とたどりついた」 読売新聞東京パラリンピック最終日の日、女子マラソン視覚障害の道下美里三井住友海上が時間分秒のパラリンピック記録で金メダルに輝いた。道下は年リオデジャネイロ大会の銀に続き大会連続のメダル
https://x.com/ecoyuri/status/1435949440381054983,2021-09-09T12:53:19+00:00,緊急事態宣言の9月30日までの延長が決定。入院患者数や重症者数も高い水準に留まっています。事業者の皆様には、シルバーウィーク中の平日を有給休暇取得で連続休暇となるよう奨励したり、テレワークや時差出勤、オンライン等の工夫をお願いします
https://x.com/ecoyuri/status/1462893091367448576,2021-11-22T21:17:46+00:00,軽石の流れが伊豆諸島へ近づきつつあります。都は新島、式根島、神津島、三宅島、御蔵島にオイルフェンス設置。海上保安庁からの情報を各漁協に提供、各漁船に速やかに情報を伝える体制を整備。大型客船や高速ジェット船等の航行安全を確保するため運航事業者への情報提供を関係機関と連携し行います
https://x.com/ecoyuri/status/1463502571536936965,2021-11-24T13:39:38+00:00,今年で8回目の無電柱化推進展が開かれました。電柱があると景観が悪く、道幅も狭くなり、地震などの災害で倒れたり、断線して停電する恐れがあります。国会議員時代に議員立法を、知事として 都道府県初の無電柱化推進条例を制定。企業の技術も結集し無電柱化を推進します。 . 無電柱化ってなに？東京を安全で美しい街に！30秒 「無電柱化とは、道路上から電柱をなくす事業です。本動画では、無電柱化の目的や効果などをを用いてわかりやすく説明しています。無電柱化で東京を安全で美しい街にしましょう
https://x.com/ecoyuri/status/1467102050370875397,2021-12-04T12:02:40+00:00,バイク普及イベントで、タレントのフワちゃんと対談。バイクは2を減らすだけではなく、静かな音、スムーズな乗り心地など、これまでとは大きく異なるメリットがたくさんあります。都は2050年2実質排出ゼロに向けてゼロエミッション東京実現を目指していきます
https://x.com/ecoyuri/status/1470713619185037313,2021-12-14T11:13:46+00:00,主催のパネルディスカッションウェブに登壇。「安全で健康な地球全体の未来へ近づけるための4つの将来のシナリオとアクション」について意見交換しました
https://x.com/ecoyuri/status/1472351936381067269,2021-12-18T23:43:51+00:00,3年ものの豪華なポインセチア。 八丈高校園芸科の皆さんから知事室に届きました。 ありがとうございます
https://x.com/hosoyashoko0207/status/1474650604937302019,2021-12-25T07:57:56+00:00,小池都知事・細谷しょうこ演説 #東久留米市長選挙 の細谷しょうこ演説会東久留米駅 市政を力強く前に進めるためには東京都との力強いパートナーシップも重要です。#小池百合子都知事 と連携し、進めていきます。ふたりによる #東久留米の未来ビジョン
https://x.com/miyasaka/status/1475470045455466500,2021-12-27T14:14:06+00:00,国際オリンピック委員会は東京2020大会のサステナビリティ・レポートを発表しカーボン・ネガティブな大会となったことを明らかに。2030年以降のすべてのオリンピック大会にカーボン・マイナス認定が必要であることを義務付け
https://x.com/ecoyuri/status/1484896495383945220,2022-01-22T14:31:27+00:00,「自宅療養者向けハンドブック改訂版」はこちらからアクセスお願いします
https://x.com/ecoyuri/status/1512798153426169862,2022-04-09T14:22:40+00:00,東京体育館での「第6回ボッチャ東京カップ」開会式。0大会日本代表「火ノ玉」や強豪タイ代表、田村敦さん率いるチームや新日本プロレチームなど、共生社会を具現する大会に。本間朋晃さんのど迫力選手宣誓声に会場が沸きました
https://x.com/ecoyuri/status/1520011255934709762,2022-04-29T12:04:58+00:00,都庁でタレントのフワちゃんや、ティモンディさんが参加して、節電が大切になる夏の対策に、クールビズのスタイルや、節電に繋がる取り組みを紹介しました。 をキーワードに、電力を減らす、創る、蓄める取り組みを。 小池都知事 根っからのクールビズフワちゃんと節電呼びかけ
https://x.com/ecoyuri/status/1524742920934662144,2022-05-12T13:26:55+00:00,! マリン・フィンランド首相、ユースフ・ビン・アラウィー前オマーン外相、ルース元米大使、ハント・アルゼンチン大使。対外的な活動も少しずつ動き出しました
https://x.com/ecoyuri/status/1527074996970876929,2022-05-18T23:53:45+00:00,小池都知事が中東訪問から帰国アブダビとの教育交流「道筋できた」 より
https://x.com/ecoyuri/status/1528372547774910465,2022-05-22T13:49:45+00:00,より
https://x.com/ecoyuri/status/1556947430288986112,2022-08-09T10:16:08+00:00,イッセイミヤケ世界的ファッションデザイナー・三宅一生さん5日に肝細胞がんで死去84歳日テレ 名誉都民。 超愛用者として、謹んで哀悼と感謝の意を表します。 イッセイミヤケ世界的ファッションデザイナー・三宅一生さん5日に肝細胞がんで死去84歳日テレ
https://x.com/ecoyuri/status/1568983456595718146,2022-09-11T15:23:01+00:00,20のコミュニケをバリでの20会議にて届けてもらうセレモニー。インドネシアの大臣は老いも若きも猛烈に英語で話す。これ、今どきの国際会議の標準
https://x.com/ecoyuri/status/1581571256255594496,2022-10-16T09:02:26+00:00,第一回東京レガシーハーフマラソン開催を記念して、国立競技場のトラックを五輪メダリストや未来のアスリートとともに走ってきました。約1万5千人のランナーが東京パラマラソンに近いコースを快走されました
https://x.com/ecoyuri/status/1581994863561650176,2022-10-17T13:05:42+00:00,ノルウェーのオスロ市長(左)、駐日大使と。随行者の方も女性でした。国会・予算委員会の景色とはだいぶ違います
https://x.com/ecoyuri/status/1585995838459117568,2022-10-28T14:04:08+00:00,連合東京の会議でご挨拶
https://x.com/ecoyuri/status/1585997225770876930,2022-10-28T14:09:39+00:00,都の産業交流展で表彰。月面の調査船や物流ロボットなど、実用に適していたり、夢があったりの新技術が続。大化けしてほしい
https://x.com/ecoyuri/status/1585997706027073536,2022-10-28T14:11:34+00:00,お茶の水大学で講演。環境と金融の組み合わせで社会を変える
https://x.com/ecoyuri/status/1585999565979021313,2022-10-28T14:18:57+00:00,たまには受賞することも。印刷業界から、グリーン印刷を発注する良き発注者として、ゴールドプライスを受賞。環境大臣で進めた政策が、立場が変わり、受賞する側に
https://x.com/ecoyuri/status/1586718020885323776,2022-10-30T13:53:50+00:00,都庁に程近い西新宿に水素ステーション運営サイトを設置。地域の皆さんや子どもたちが燃料電池車の体験やミニカーレースなどで水素を体感していただきました。スイソンやエネゴリ君も参加
https://x.com/ecoyuri/status/1586722238895894528,2022-10-30T14:10:36+00:00,東京唯一の1チーム、東京グレートベアーズのホーム開幕戦で始球式。ジャンプサーブの心構えはできていましたが、セッターにヒョイと投げ、あとはトス、スパイクで決まり。とはスポーツで東京を盛り上げる連携協定を結んでいます。頑張って
https://x.com/ecoyuri/status/1588505122404909057,2022-11-04T12:15:08+00:00,赤坂のゲーテ・インスティトゥートで、日独文化協力イベント。シュタインマイヤー大統領夫妻らと
https://x.com/ecoyuri/status/1591439986594746368,2022-11-12T14:37:14+00:00,授業が終われば、皆んなで教室掃除。学級会や体操など、日本で当たり前のことにエジプトが注目。50のモデル校で特活が行われている。歌やダンスで大歓迎を受けました。カイロ市内のエルガラア校で
https://x.com/ecoyuri/status/1591441819316862981,2022-11-12T14:44:31+00:00,カイロ市から郊外に続く幹線道路はシンゾー・アベ道路と名付けられている。すでに2年前から進められ、今も建設続行中。真っ赤な鳥居風が目に鮮やかだ。エジプトでの安倍元総理の存在感はとにかく大きい
https://x.com/tochokankyo/status/1595612349158727680,2022-11-24T02:56:43+00:00,# 星野リゾート代表 #星野佳路 さん 資源循環を加速し、循環型社会へ移行していく上で、企業にはどのような対応が求められるのでしょうか？ 星野リゾートが取り組む環境対策は、利益という点で言えば必ずしもプラスになっているわけではありません
https://x.com/ecoyuri/status/1597253051873574912,2022-11-28T15:36:17+00:00,スタートアップに最も身近な金融機関頑張ってほしい
https://x.com/ecoyuri/status/1606636885237207040,2022-12-24T13:04:17+00:00,東京都現代美術館( 岡素之館長)で来年5月末まで開催中の「クリスチャン・ディオール、夢のクチュリエ」展の内覧会に。過去から現在に至るまでの作品の数が魔法のような空間で展示され、その素晴らしさに圧倒されました
https://x.com/ecoyuri/status/1606639131010170881,2022-12-24T13:13:13+00:00,第2回パラスポーツの振興とバリアフリー推進に向けた懇談会。谷垣禎一名誉顧問もお元気にパラ応援大使の皆さんとご出席いただきました。オンラインでのご参加はイルカさんと小谷実可子さん
https://x.com/ecoyuri/status/1609191098626310148,2022-12-31T14:13:49+00:00,今年も都立農産高等学校の皆さんから素晴らしい門松とシクラメンが届きました。 本年もあとわずか。お世話になりました皆様に感謝申し上げます。 新年もよろしくお願いいたします。良き年となりますよう
https://x.com/ecoyuri/status/1802174360347959482,2024-06-16T03:00:24+00:00,今朝は狛江市総合水防訓練へ。ドラマ「岸辺のアルバム」で今も印象深い狛江です。東京消防庁のヘリコプターやドローンも参加し、地域の皆様と共に行う水防訓練は圧巻です。 「備えよ、常に」が第一！都民の財産と命を守る首都東京の強靱化を爆速で進めます
https://x.com/ecoyuri/status/1802566163295264946,2024-06-17T04:57:18+00:00,ミセスユニバースジャパン2024のファイナリストの皆様に訪問いただきました。家事に育児に仕事に日奮闘しながら、輝く皆様のご健闘をお祈りします。全ての女性は可能性の塊。もっと、女性が輝く東京へ
https://x.com/ecoyuri/status/1803220920183693651,2024-06-19T00:19:04+00:00,プラチナキャリアセンターが港区虎ノ門に開所しました。50歳以上のミドルシニアの人材が、企業に業務委託での副業や兼業など新たな形態の働き方を通じて自らのスキルを活かせるよう後押しします。ミドルシニア人材のキャリアシフトと人材不足を解消していきます
https://x.com/ecoyuri/status/1803391841729126462,2024-06-19T11:38:15+00:00,日本記者クラブ主催の共同記者会見・公開討論会に出席しました。私の政策テーマは、都民の命と暮らし、また経済を守りたいという思いから「首都防衛」を掲げました。今後も東京の将来像について、積極的に発信をしていきます
https://x.com/ecoyuri/status/1803396594974523475,2024-06-19T11:57:08+00:00,40代の頃に子宮筋腫が見つかり、子宮を全摘出しました。正直、手術直後は隣の産科から聞こえる赤ちゃんの声を聞いて喪失感を覚えたものです。でも、だからこそ「産みたい」と思っている人をサポートしたい。これからも無痛分娩費用の助成など、妊娠出産の経済的負担を軽減していきます
https://x.com/ecoyuri/status/1804491724741566966,2024-06-22T12:28:47+00:00,八丈島では島内各地の視察も行いました。 放牧酪農をしているゆーゆー牧場では、豊かな自然の中で健やかに逞しく生きるジャージー牛の「ユリコ」に、八丈島の明日葉などの草やりをさせていただきました。ジャージーミルクヨーグルトは絶品です！ 農園では八丈フルーツレモンの生産を拝見しました。苦味が少なくて香りが良く、なんと皮ごと食べられる大ぶりなレモンで、様な料理に合うそうです。色づく季節になると、オレンジがかった黄色の実が緑に映えるのが、八丈らしい景色の一つでもあります。 #これからも島民のために島民とともに #都知事選 #小池ゆりこ
https://x.com/ecoyuri/status/1804761570972754242,2024-06-23T06:21:04+00:00,子育てする方を応援し、全ての子どもたちを大切に育む東京にしていくことが、都知事として大事にしてきた政策のひとつです。今朝の個人演説会には、多くのママパパたちにお集まりいただきました。 これまで私が、特に力を入れて取り組んできた子育て支援、教育支援、子ども政策、女性の生き方の選択肢を増やす支援などを中心に、経済政策、防災対策、デジタル、ワイズスペンディングなどについてもお話をしました。 行財政改革により生み出した財源を、未来へとつないでいくために投資していくが私の「東京大改革」です。 今日は赤ちゃんたちの可愛い表情や、子どもたちの笑顔と声が聞こえる演説会となりました。さらに前に進む勇気を貰ったひと時でした。 #都知事選 #小池ゆりこ
https://x.com/ecoyuri/status/1804865471403171911,2024-06-23T13:13:55+00:00,小池ゆりこの都知事選挙。奥多摩町の次に #青梅市 へ。多くの方にお集まりいただいた河辺駅北口では、大勢待利明市長とともに地域の発展につながる政策や取り組みを訴えました。電車通勤の方も多いと思いますが、今日も #中央線 で事故があり、ダイヤが乱れたものとお聞きしました。が行うホームドアの設置について都としても後押ししていきます。 また、今年3月には青梅市と日の出町をつなぐ、梅ヶ谷トンネルが開通。災害時の迂回ルート確保やアクセス向上に寄与します。 緑豊かな多摩地域の街作りや防災力強化を、市町村と連携して進め、地域の魅力を発信してまいります。 #都知事選 #小池ゆりこ
https://x.com/ecoyuri/status/1805154982989381811,2024-06-24T08:24:20+00:00,先月 #ラグビーリーグワン でトップに輝いた #東芝ブレイブルーパス東京 の皆様が、訪問してくださいました。輝く大きなトロフィーや盾を拝見したほか、キャプテンのリーチマイケル選手からサイン入りボールを贈呈いただきました。 体を鍛え、心を鍛えて14シーズンぶりに勝ち取った優勝に、心から敬意を表します。また日頃よりラグビー文化の定着やスポーツ振興に、都と連携して貢献してくださっていることに感謝申し上げます。 都では、都民のみなさまに、ラグビーをより身近な地域で楽しんでいただけるよう、3つの都立公園府中の森・高井戸・代木でラグビーコートを整備しました。ラグビーファンの皆様に、ぜひ楽しんでいただけたらと思います。 東芝ブレイブルーパス東京の皆様、ファンの皆様、おめでとうございます
https://x.com/ecoyuri/status/1805193538252247258,2024-06-24T10:57:33+00:00,母が残してくれた着物がもったいない。ということで、普段から母の着物をリメイクした洋服を愛用しています。衿の形や柄の生かし方を考えるのは楽しく、着物のリメイクは私の数少ない趣味です。 一人ひとりのもったいないの意識が、東京を持続可能な都市へともっと発展させていく、と信じています
https://x.com/ecoyuri/status/1805867112956920150,2024-06-26T07:34:05+00:00,超高齢化が進む中、重要なのは介護人材対策。 今日は介護の研修施設を視察し、若手介護職員の皆さんと意見交換をしました。これまでも、東京都独自のを活用した介護現場の生産性向上施策など、介護職の働く環境の改善に全力を尽くしてきました。今年から始まる月最大2万円の居住支援特別手当については、介護現場の皆さんから喜びの声も頂きました。 介護人材を支えていくため、公約として都独自の介護職昇給制度の創設も打ち出したところです。 東京の高齢者を支える介護人材対策をもっと進めてまいります
https://x.com/ecoyuri/status/1806157209170260270,2024-06-27T02:46:50+00:00,パリ五輪まであと一か月。スポーツにかける若者の夢を応援し、幅広い競技で多くの名選手を送り込んできたミキハウスのパリ五輪壮行会に出席しました。 レスリングの文田健一郎選手、5大会連続出場のカヌー・スラロームの羽根田卓也選手、など。世界の大舞台で活躍する選手たちの姿は、子ども達にも大きな感動を与えることでしょう。その姿を胸に、またさらに多くの子ども達が夢を持ち、ワクワクしながら人生を走り続けてほしいと思います。すべての選手の皆さん、金メダルに向かって頑張りましょう！ #都知事選#小池ゆりこ
https://x.com/ecoyuri/status/1807337545216467202,2024-06-30T08:57:04+00:00,本日は舟遊説を行いました。川沿いのマンションからもたくさんのエールをいただきました。 水の都東京の躍進へ、舟を通勤手段とする取り組みを進めています。昨年には日本橋-豊洲間、先月からは晴海-日の出間の運航を始めました。一方で都市型水害への対策、河川や下水道の整備、流域対策の推進も実施しています。 約900万人が集合住宅に生活する東京、首都直下地震も見据え、大規模災害時に生活を継続できるようマンション防災に力を入れて参ります。 分譲マンションの管理組合や、賃貸マンションのオーナーなどを対象に、「東京とどまるマンション」への登録を促し、防災資機材購入の補助を大幅に強化します。また、マンションと地域の繋がりを強め、共助の力を高めるため、町会と合同の防災訓練などの連携も促しています。 また、緊急輸送道路の沿道に立地する大規模マンション等への補助を拡充し、耐震化を加速。ハード、ソフト両面からマンションでの万全の備えを講じます。 #都知事選 #小池ゆりこ
https://x.com/ecoyuri/status/1807760530423402802,2024-07-01T12:57:51+00:00,コメント返しです
https://x.com/ecoyuri/status/1808761231253328085,2024-07-04T07:14:17+00:00,久我山幼稚園で教育表現活動の様子を視察。長時間の預かり保育を実施し、 子育て応援幼稚園として、共働き家庭の教育保育ニーズに対応しています。続いて、吉祥寺のフリースクール花まるエレメンタリースクール」を視察。都は子どもの個性や特性を活かした学びの選択肢が重要と考え、 利用する児童生徒の保護者に、所得制限なしで、上限月2万円の支援をスタートしました。 またフリースクールの質を高めるため、事業者への支援も新たに始めました。子どもたちの安全確保や体験活動の充実、人材確保を図ります。 不登校の子ども達が増えています。不登校対応専門教員、スクールカウンセラーの配置などこれまでの取り組みの強化や全ての児童生徒に個別最適化された学びを選べる環境を推進していきます
https://x.com/ecoyuri/status/1808782963976646672,2024-07-04T08:40:38+00:00,都知事選挙も残すところあと僅か。本日は多摩デーです。公務の合間を縫って、地域の皆さまへご支援のお願いをさせていただいております。選挙カーを降りてのご挨拶ができず申し訳ありません。たくさんの方からのご声援に、大きな力をいただきました。ありがとうございます。 八王子や豊田を通り、これから立川へ向かいます。小池ゆりこの選挙カーを見かけましたら、ぜひお声がけください
https://x.com/ecoyuri/status/1809055335208144926,2024-07-05T02:42:57+00:00,昨日は多摩広域防災倉庫と立川地域防災センターを視察。「シン・ゴジラ」でも登場した立川広域防災基地の一角に多摩広域防災倉庫があります。有事の際の東京都民の食料や生活必需品の供給強化のために整備し、令和2年から本格運用を開始しました。立川地域防災センターは多摩地域の防災活動の拠点 です。万が一都庁の機能が麻痺した場合のバックアップ機能もあります。地震や風水害、ミサイル攻撃といったさまざまな脅威への備えのために、多摩広域防災倉庫と立川地域防災センターの機能強化を図ります
https://x.com/ecoyuri/status/1809146001896415606,2024-07-05T08:43:13+00:00,多摩と島嶼の魅力を磨きもっと便利に暮らしやすく 都知事としての期年間、力を入れてきたのが多摩地域と、東京の島の魅力向上と、暮らしやすさと便利さの向上でした。今後、もっと！すすめていくことを約束します。 小池ゆりこの公約 多摩や島の医療費や給食費無償化を支える 「市町村総合交付金」を充実し、医療費や給食費の無償化を支えます。 多摩地域をもっと安全に移動しやすく 誰もが自由に移動できる社会を目指しています。多摩モノレールですでに決定した箱根ヶ崎方面の延伸を着実に進め、さらに町田方面の延伸の決定に向けて取り組みます。また住民の皆様の悲願でもあった多摩モノレールを「シルバーパス化」を進めます。安全な移動に重要な鉄道駅へのホームドア設置を加速させます。 東京の宝「島しょ」振興の拡充 東京の宝である11の島の魅力をブランド化する「東京宝島」計画をさらに進めます。島民が安心して島で快適に暮らし続けられるサポートを今後も充実させます。 小池ゆりこの実績 市町村総合交付金の大幅拡充620億円130億円増 多摩や島しょ地域の市町村への財政補完を通じて、福祉やまちづくり振興を図る「市町村総合交付金」を大幅に拡充してきました。 多摩都市モノレールの延伸 多摩地域の交通アクセスを強化するため、多摩都市モノレールの箱根ヶ崎方面の延伸を決定しました。 多摩振興の推進 それ以外にも、多摩地域最大の産業拠点である「東京たま未来メッセ」の開業や、多摩地域の移住支援、農業支援など包括的な多摩政策を進めてきました。 島嶼の魅力をブランド化する「東京宝島」計画 東京の島には、美しい自然や海、特産品、歴史や文化などの「宝物」がたくさんあります。東京宝島事業を通じて、島の魅力を掘り起こし磨きをかけ、ブランド化に取り組んできました。 #都知事選挙
https://x.com/ecoyuri/status/1809479736370032938,2024-07-06T06:49:22+00:00,選挙戦もいよいよ最終日。銀座四丁目の街頭演説にお集まりいただいた皆様、ありがとうございました。山本中央区長、大久保江東区長にも力強い応援を頂きました。地元ともしっかり連携をしながら、銀座・東京の魅力的なまちづくりを進めるため、 銀座を取り囲むように走る東京高速道路(線)を歩行者中心の公共的な空間「 」として再生します！アートや植栽を積極的に取り入れ、都心に賑わいある緑の回廊を誕生させます。 2期8年間の東京大改革のをさらにバージョンアップさせた東京大改革3.0を進めていくこともお話しました。 保育料第一子無償化など子育て支援もさらに強化します。東京の実情を反映したマンション防災により首都防衛を進めます。 子供と子育て世帯を守る、高齢者を守る、経済を守り育てる、自然災害などから命を守る。東京を、このまちを、しっかりと守ります。そのためにも、どうか皆様のお力を貸してください。 #都知事選
https://x.com/ecoyuri/status/1809955245281493114,2024-07-07T14:18:52+00:00,都民の皆さまの力強いご支持を賜り、3期目の当選確実、都政の舵取りをお任せいただきました。ありがとうございます。重責を痛感しております。 これからも都民、都議会、都庁職員、皆さまとともに、都政のバージョンアップへ全身全霊で取り組んでまいります
https://x.com/ecoyuri/status/1807965170628694349,2024-07-02T02:31:01+00:00,明日は公務後に世田谷区・三軒茶屋駅に伺います！ 7月3日(水)東急世田谷線三軒茶屋駅前 子育て、教育への支援、徹底した賃上げ、手ごろな価格で住める「アフォーダブル住宅」の導入など将来の東京を担う世代への投資を積極的に進めます！ 都内で最も人口の多い世田谷区。子育て世代の流入も多く、待機児童数が全国最多から、都の支援策も活用され、減少へ。駒沢オリンピック公園の大規模改修など都有施設の魅力向上や、京王線の連続立体交差事業などにより世田谷区の魅力をもっと！向上させます。 演説会へお越しになる方へ ご来場者の安全確保に、スタッフ一同最大限に気をつけてまいります。気温や湿度が高く、天候が不安定になっています。水分補給、暑さ対策などにお気をつけてご参加ください。体調不良の際は、近くのスタッフにお声がけください。また車椅子ユーザーなど配慮を必要とされる方も、遠慮なくお声がけください。 #都知事選 #三軒茶屋
https://x.com/ecoyuri/status/1801051048783561026,2024-06-13T00:36:46+00:00,ゆりこによる をお届けします。今回のトピックは #所得制限撤廃 です。 これまでの都政での取り組みをわかりやすく広く伝えるために、生成による動画を作成しました。現職都知事として公務に邁進している小池ゆりこ本人に代わって、ゆりこがお伝えします
https://x.com/ecoyuri/status/1591445580244340737,2022-11-12T14:59:28+00:00,- のキャンパス全景がわかる模型。こういった地道な国際交流を日本国内でももっと報道してほしいものだ。それに関わる教授やの方、日本に信頼を寄せるエジプト人の皆さん。次世代のために、ともに頑張りましょう
https://x.com/ecoyuri/status/1586002872814436352,2022-10-28T14:32:06+00:00,バイクの充電共通ポート(二輪各社と)をお披露目。充電まで待つことなく、電池部分をただ入れ替えるだけで。世界のデファクトスタンダードになりますように
https://x.com/ecoyuri/status/1586000928557404161,2022-10-28T14:24:22+00:00,空のきれいな街を激励する恒例のイベント。今年は天文台のある三鷹市が会場で、環境省と東京都の共催
https://x.com/ecoyuri/status/1568985871575322625,2022-09-11T15:32:36+00:00,アニス・ジャカルタ特別市市長と。大統領選を前に、候補の1人としてアニスにはメディアが群がる。ナイスガイだ。上智大に留学歴あり。イエメン系だそうだ
https://x.com/ecoyuri/status/1568984946416709634,2022-09-11T15:28:56+00:00,米国のインド大使候補で議会承認待ちのガルセッティ・市長と。特に加州がはダメ、ね。太陽光屋根義務化当たり前状況。なかなかだ。28年のオリパラ会場
https://x.com/ecoyuri/status/1432704586314305536,2021-08-31T13:59:26+00:00,東京パラリンピック自転車女子個人ロードタイムトライアル運動機能障害で、初出場の杉浦佳子選手が金メダル獲得！50歳での金メダルは日本最年長記録の快挙です。おめでとう、そして、ありがとう。 パラ自転車ロード・杉浦佳子、歳で金メダル日本選手で史上最年長の快挙
https://x.com/ecoyuri/status/1427628594445049872,2021-08-17T13:49:15+00:00,緊急事態宣言の9月12日までの延長が決定。都は医療非常事態対応体制を再構築し、あらためて全庁一体で取り組みます。また都立公社病院や都民の城に酸素ステーションを整備し、急な症状悪化や、救急受け入れなどに対応します。都民の皆様には外出頻度や時間を半減するようご協力をお願いします
https://x.com/ecoyuri/status/1422912381579972610,2021-08-04T13:28:42+00:00,東京五輪スケートボードパーク女子で四十住さくら選手が金メダル獲得。東京大会から採用された新種目で歳の初代王者となりました。東京五輪女子フリーキロ級の川井友香子選手も金メダル。 日本勢の金メダルは個目で、最多となりました。 スケートボード女子パーク四十住さくらが初代女王！12歳・開心那は銀メダル - スポニチ スポーツ
https://x.com/ecoyuri/status/1419655090235875336,2021-07-26T13:45:24+00:00,東京五輪卓球混合ダブルスの水谷隼、伊藤美誠ペアが金メダル！リードされても諦めない気持ちと集中力で追いつき、逆転勝ち。卓球では日本勢初の金メダルで、新種目の初代王者に輝きました。おめでとう、そして、ありがとう。皆様の自宅からの応援ありがとうございます。 卓球混合ダブルス、水谷・伊藤組が金メダル日本勢の五輪優勝は初朝日新聞
https://x.com/ecoyuri/status/1419611199000350731,2021-07-26T10:50:59+00:00,東京五輪柔道男子キロ級の大野将平選手が金メダル！前回リオデジャネイロ金に続き、連覇を達成しました。日本勢として史上人目の快挙。柔道は金メダルラッシュ！本当に強い。おめでとう、そして、ありがとう。自宅から五輪応援している皆様もありがとうございます
https://x.com/ecoyuri/status/1404953482403012610,2021-06-16T00:06:27+00:00,自律分散型の水循環システムで、東京の安心と環境を守るの挑戦# 自律分散型の水循環システムで、都市の安心と環境を守るの挑戦 トーキョー・アップデーツ東京都
https://x.com/ecoyuri/status/1354391978776031237,2021-01-27T11:33:05+00:00,世界経済フォーラム主催の「ダボス・アジェンダ」のセッションに都知事として参加。世界の経済界のリーダー、学識経験者に向けて、都の脱炭素社会に向けたグリーン・リカバリーの取り組み、気候変動への実効性ある取り組みの加速、気候危機に取り組む決意をアピールしました
